CustomerID,Customer,CustomerCity,CustomerState,CustomerCountry,CustomerZipCode
1,Photolist,Azusa,CA,Iraq,93463
2,Livetube,Turlock,OH,Guyana,61228
3,Browseblab,Dixon,TX,Chile,53997-9156
4,Dabtype,Ventura,VT,Gambia,49482
5,Ntag,Colton,NY,Czech Republic,38673
6,Talane,Desert Hot Springs,TN,Cayman Islands,51498
7,Jetwire,Rancho Cordova,MD,Niger,98788-7714
8,Geba,Soledad,VT,Iran,56918
9,Brainbox,Colfax,OR,Uzbekistan,58303-7317
10,Wikibox,Calabasas,NV,Botswana,48099
11,Yakidoo,East Palo Alto,VT,El Salvador,62206
12,Kanoodle,Rancho Cucamonga,NM,Ethiopia,51274
13,Twinte,Riverside,FL,Dominica,14577
14,Skynoodle,Coachella,IA,Timor-Leste,95750-2004
15,Trupe,Anaheim,CA,Botswana,72256
16,Skimia,Tehama,WA,Cape Verde,91773
17,Wordify,St. Helena,OK,Ascension Island,61341-5607
18,Mudo,Riverside,AR,Malaysia,92579
19,Shuffledrive,Oakland,OR,Malaysia,73798-8281
20,Realbridge,Shasta Lake,RI,Eritrea,73467
21,Buzzster,Lakewood,NH,Falkland Islands (Malvinas),39295-7813
22,Kayveo,Mount Shasta,MT,Costa Rica,61152
23,Demizz,Tracy,SD,Cayman Islands,26386-3702
24,Voomm,Yuba City,IL,Solomon Islands,66351
25,Dynava,Pomona,NJ,Iceland,18332-1622
26,Jabbersphere,Yountville,OH,Brazil,53220
27,Brainfire,Cotati,MA,Dominica,37876
28,Yodoo,Torrance,MI,Cameroon,63400
29,Wordify,Placentia,NV,Kiribati,42744
30,Snaptags,Jackson,WY,Cook Islands,40160
31,Babbleblab,Patterson,IL,Uruguay,05422-9192
32,Skyvu,Moorpark,IN,Cayman Islands,16610
33,Feedfire,Galt,FL,Comoros,27952
34,Omba,Auburn,KY,Timor-Leste,19038
35,Gabvine,Sand City,DE,New Caledonia,63302-4510
36,Geba,Danville,WI,Reunion,38142
37,Photobug,Los Altos,IN,United States of America,08542-2477
38,Gevee,Waterford,WY,Saint Pierre and Miquelon,99209
39,Gigabox,Napa,RI,Western Sahara,03770-8392
40,Brainlounge,Los Alamitos,FL,Barbados,49147-9423
41,Trudeo,Truckee,RI,American Samoa,92259-3983
42,Feednation,Yountville,NM,Austria,49527
43,Muxo,Santa Barbara,FL,Guadeloupe,63522
44,Blognation,Martinez,ND,Cote d'Ivoire,56132-1261
45,Fatz,Woodlake,IL,Slovenia,33161-1920
46,Tavu,Cudahy,MA,China,36312-6607
47,Kwimbee,Palos Verdes Estates,MD,Falkland Islands (Malvinas),66062-8744
48,Feedfire,King City,UT,Puerto Rico,43278
49,Oyondu,Maricopa,HI,Tunisia,96237-2376
50,Bluezoom,San Carlos,WV,Libya,79633-5321
51,Quatz,Los Banos,CA,"Congo, Democratic Republic of",23429-2694
52,Chatterpoint,Cotati,MT,Burkina Faso,67611
53,Leenti,Walnut Creek,WY,Austria,87014
54,Podcat,Ferndale,WY,Tunisia,43080-2032
55,Tazz,Point Arena,MT,USSR,61262-1720
56,Riffpedia,Willits,OR,Maldives,98955-4976
57,Quamba,Placentia,MI,Pakistan,92297
58,Flashdog,La Habra Heights,ME,Hong Kong,07244-1264
59,Trupe,Novato,NC,Germany,51379
60,Skimia,Willits,WI,Slovakia,95310-0632
61,Thoughtworks,Salinas,KS,Canada,67734-2011
62,Yabox,Porterville,KY,Palau,91611-4390
63,Kare,Arroyo Grande,WA,Croatia,92376-6729
64,Gigaclub,Indio,PA,Kenya,82218-8414
65,Plajo,Escondido,ID,Oman,03281
66,Buzzster,Pasadena,MN,Denmark,83655-2285
67,Izio,Portola,DE,Armenia,36350
68,Kwimbee,Loma Linda,FL,Hong Kong,89380-8154
69,Zoombox,San Leandro,OR,Libya,55481-7346
70,Mydeo,Richmond,PA,El Salvador,19231
71,Jaxworks,San Diego,CT,Ireland,18188-1725
72,Browsedrive,Rialto,MA,Northern Mariana Islands,10535-4329
73,Kwinu,Salinas,AL,US Minor Outlying Islands,40855
74,Dynava,Buellton,WI,Sudan,48902
75,Jaxworks,Alameda,OK,Haiti,08916
76,Oyope,Moorpark,NC,Slovenia,21836-7620
77,Kazu,Atwater,AL,Jersey,56010-8180
78,Quamba,Desert Hot Springs,IA,Isle of Man,74104-6526
79,Avamba,Amador City,NJ,Iraq,65106
80,Skipfire,San Carlos,AL,Egypt,96613-7433
81,Livefish,Clearlake,ID,Saint Pierre and Miquelon,55836-8574
82,Skalith,Atherton,NV,Brunei Darussalam,03836
83,Brainsphere,Vernon,KY,Costa Rica,07930-4597
84,Devcast,Brentwood,HI,Colombia,89997-6332
85,Meevee,Placentia,HI,Yemen,00219
86,Flipbug,Ceres,MT,Ukraine,97023
87,Voonyx,Larkspur,AR,Ireland,77534-2347
88,Twimbo,Victorville,ME,Mauritania,96935
89,Edgetag,Pico Rivera,AR,Tanzania,59254
90,Dabfeed,Clayton,NY,El Salvador,32861-9234
91,Flashdog,Imperial Beach,NM,Norfolk Island,10588-4396
92,Photospace,Tehachapi,VA,Marshall Islands,42676
93,Trilith,Chino,KS,Argentina,57073-2469
94,Zoovu,Delano,AL,Greece,69655-4437
95,Dabjam,South Lake Tahoe,AZ,Saint Martin,84988
96,Jamia,Paramount,NV,Faroe Islands,09284
97,Leexo,San Marcos,MS,Afghanistan,59609-1602
98,Rhycero,Signal Hill,OH,Denmark,79843-0094
99,Eire,Red Bluff,ID,Åland,91494
100,Cogilith,Rolling Hills,MD,Barbados,64334
101,Kanoodle,Mill Valley,NY,Burundi,37550
102,Mybuzz,Parlier,MI,Cambodia,87742
103,Bubblemix,Dos Palos,VA,Albania,88307
104,Trudeo,Pleasanton,KY,Dominican Republic,03876-0001
105,Livetube,Marysville,TN,Rwanda,50567-6958
106,Skyndu,Arvin,MD,Nicaragua,79400
107,Jatri,Perris,PA,Mali,14468-7105
108,Jetwire,Brawley,ID,Laos,50243-6382
109,Twinder,City of Industry,KY,Bangladesh,11099
110,Photobug,Livingston,IL,Sierra Leone,00284-8943
111,Jabbersphere,Adelanto,WI,British Virgin Islands,50838-5969
112,Livetube,Brawley,OR,Iceland,03077-2297
113,Dabfeed,Hanford,VT,Djibouti,68426
114,Oyoyo,Calistoga,LA,Afghanistan,14614
115,Gabtype,Folsom,MO,Afghanistan,97978
116,Reallinks,Grass Valley,NJ,Madagascar,06250
117,Yakitri,Ripon,TN,Poland,17985-4073
118,Tekfly,Burbank,WY,Mexico,03855-1204
119,Tagchat,Cupertino,NC,Cyprus,32359
120,Bubblemix,La Habra Heights,TN,Reunion,25714
121,Trunyx,Inglewood,WV,Poland,20844
122,Flipbug,Sutter Creek,NM,Ukraine,74060
123,Quimba,Piedmont,IL,United Kingdom,02967
124,Eidel,Oceanside,CO,Chile,41435
125,Nlounge,Mill Valley,MT,Kuwait,67336-6636
126,Topiclounge,La Palma,UT,Niger,47625-2850
127,Tagcat,Needles,SC,Honduras,85902-8582
128,Tavu,Windsor,WA,Namibia,93317
129,Dazzlesphere,St. Helena,NE,Haiti,62149-3470
130,Wikizz,Banning,LA,Costa Rica,58367-9713
131,Brightdog,Santa Paula,OK,Guernsey,33331-5651
132,Abata,Anaheim,WV,Madagascar,93904
133,Brightdog,Carson,MS,French Southern Territories,37076-9954
134,Tagopia,Mammoth Lakes,VT,Eritrea,35984-7328
135,Skimia,Cupertino,OR,US Minor Outlying Islands,41311
136,Avamm,Bell Gardens,SC,Vatican City State (Holy See),35144
137,Skinix,Calexico,MA,Montenegro,58745
138,Fivechat,Murrieta,RI,Oman,11219-4829
139,Devpoint,Monrovia,ID,Micronesia,67209
140,Centidel,Eureka,WI,Netherlands,08833-4682
141,Thoughtbridge,Union City,OK,Cayman Islands,94841
142,Jabberbean,Dunsmuir,MA,Norfolk Island,84047
143,Lazz,West Sacramento,GA,United States of America,39801
144,Devify,Fresno,WY,Australia,28005
145,Tanoodle,Redwood City,MA,Saint Kitts and Nevis,44106
146,Vitz,Encinitas,CT,Tokelau,97653
147,Feedfish,Santee,NY,New Zealand,10093
148,Skiptube,Murrieta,TX,Poland,79481
149,Demizz,Santa Maria,PA,Australia,46135
150,Dabshots,San Marino,AZ,Bahrain,26103
151,Voomm,Buellton,PA,Barbados,31049
152,Rhybox,Rancho Cucamonga,NV,Cocos (Keeling) Island,99306-6738
153,Mita,Gilroy,AR,Svalbard and Jan Mayen Islands,06961-7929
154,Quaxo,Yorba Linda,AK,Kiribati,26740-7565
155,Tagcat,La Mesa,OR,Saint Lucia,69312
156,Dabtype,Colfax,DE,Algeria,81449
157,Flipbug,Huntington Beach,MO,Turks and Caicos Islands,22173
158,Feedspan,McFarland,WY,Comoros,63294
159,Fivebridge,Truckee,WY,Haiti,65866-5986
160,Rhyzio,Hermosa Beach,IL,Montenegro,79081
161,Yozio,Albany,IA,Northern Mariana Islands,87258-1587
162,Teklist,Apple Valley,MS,American Samoa,67954-0782
163,Yodo,Calistoga,PA,Bahamas,90463
164,Gigazoom,San Bruno,NH,French Polynesia,57650
165,Fadeo,Aliso Viejo,NC,Timor-Leste,88065
166,Yodoo,Palm Desert,IN,Montserrat,97257-5834
167,Bubblemix,Burlingame,UT,Nauru,66641-4870
168,Dabfeed,Brisbane,DE,Anguilla,51039
169,Dabshots,Montclair,KY,Ukraine,48604
170,Vinte,Fairfield,MT,Reunion,11946-3752
171,Yodo,Farmersville,NH,Saint Barthelemy,79072
172,Brightbean,Ross,KS,Oman,80064
173,Skyvu,San Carlos,MI,Syria,90702-2791
174,Tanoodle,Fontana,NC,Cape Verde,62630
175,Mydeo,Sutter Creek,TX,Burundi,46689-2306
176,Janyx,Corning,NY,Brazil,74449
177,Oba,West Sacramento,TN,Belarus,51684-0839
178,Skalith,Cloverdale,ID,Guatemala,16573-7081
179,Browsecat,Simi Valley,ME,India,64243
180,Babbleset,Westlake Village,IL,Switzerland,43830-6089
181,Dablist,Emeryville,FL,Saint Vincent and the Grenadines,51652-8840
182,Jabbersphere,Escalon,SC,New Caledonia,74194-5024
183,Vidoo,Pomona,TN,Cameroon,80127
184,Cogilith,Reedley,DE,"Korea, South",35829-1005
185,Divape,Solvang,TN,Laos,53557-7874
186,Babbleset,Folsom,VA,Kazakhstan,69942-5314
187,Kanoodle,Carson,ID,Faroe Islands,48466
188,Oyoloo,Canyon Lake,IN,Chile,89144-0893
189,Yacero,Canyon Lake,WV,Oman,77172-3800
190,Avamm,Brisbane,NY,Ireland,06671-4226
191,Zoomcast,Suisun City,AZ,Jamaica,53381-1651
192,Wikibox,Taft,MI,Papua New Guinea,86236-8266
193,Innojam,Corona,GA,Nigeria,25612-1511
194,Gabtype,Redondo Beach,SC,Botswana,62118-4973
195,Rhynyx,San Marino,NY,Guinea-Bissau,08060-4654
196,Jaxworks,Vernon,ID,Anguilla,88007-0769
197,Babbleopia,Soledad,NY,Saint Kitts and Nevis,15744-7811
198,Yambee,Alturas,TX,Anguilla,37512-7070
199,Skinder,Dana Point,MT,Nepal,77692
200,Devpoint,South Gate,NH,Bouvet Island,15582-2971
201,Gigabox,Alameda,DE,Saudia Arabia,21718-3161
202,Zoonoodle,Huron,MD,Sao Tome and Principe,12551-7332
203,Mita,Vista,MT,"Congo, Republic of",33207
204,Zoomlounge,Fort Jones,NH,Norway,10754-8197
205,Skidoo,Biggs,NC,Egypt,11547
206,Devcast,Aliso Viejo,KY,Libya,63961
207,Mydo,Red Bluff,PA,Albania,95396
208,Thoughtblab,Placerville,SC,Bahamas,76899-3493
209,Cogidoo,Santa Fe Springs,MT,Tonga,26169
210,Teklist,Blue Lake,MS,Senegal,17065-0238
211,Jaxnation,Pleasant Hill,OK,"Congo, Republic of",14681
212,Browsecat,Saratoga,CT,Turks and Caicos Islands,84268-7543
213,Kazu,Hesperia,PA,American Samoa,93664
214,Wikido,La Mirada,KY,Bouvet Island,79173
215,Twinte,Agoura Hills,NE,Kazakhstan,80829-5774
216,Chatterpoint,Manteca,IA,Madagascar,19752-1560
217,Skyndu,Colusa,MT,Sweden,17800-5619
218,Chatterpoint,Lemoore,IN,Saint Barthelemy,81913
219,Mudo,San Anselmo,NV,Iran,64280
220,Talane,Redondo Beach,KY,Iran,63957
221,Eamia,Oxnard,SC,Ghana,02727
222,Browsetype,Burbank,GA,Timor-Leste,65017-0368
223,Wikido,Manteca,DE,Tuvalu,30147-0608
224,Yabox,Coalinga,KY,Netherlands,48746
225,Divavu,Berkeley,WV,Christmas Island,30822-4577
226,Rhynyx,Palm Springs,WY,Bolivia,42991
227,Fiveclub,San Dimas,OR,Burundi,27861
228,Linkbridge,Lathrop,OR,Norfolk Island,04363-2118
229,Riffpath,Farmersville,KY,Honduras,38347-9714
230,Meembee,Morgan Hill,WY,Puerto Rico,01292
231,Meembee,Westminster,IA,Nepal,20596-5304
232,Fanoodle,Danville,MT,Mozambique,67085
233,Quimm,Santa Clara,CT,Switzerland,31712-7202
234,Dazzlesphere,Calimesa,IA,Latvia,54776-0076
235,Gevee,Goleta,VT,Ghana,08292
236,Ooba,Saratoga,TX,Martinique,81497-4059
237,Skipstorm,Berkeley,OR,Antarctica,85665
238,Voonix,Rio Dell,HI,Belarus,96743
239,Skaboo,Yuba City,WV,United Kingdom,12315
240,Aimbo,Marysville,MT,Chad,48568
241,Aimbo,Woodland,TX,Ecuador,53905-4366
242,Yakitri,Brisbane,AR,Tonga,06014
243,Camido,Sunnyvale,MD,Martinique,75328
244,Fivechat,Cupertino,TX,"Palestinian Territory, Occupied",44882-1172
245,Voonte,Apple Valley,MT,Luxembourg,68954
246,Teklist,South El Monte,NC,Barbados,29532
247,Jabbercube,Lincoln,VT,Tanzania,43214
248,BlogXS,Buena Park,WA,Nepal,98846-0029
249,Tanoodle,Agoura Hills,TX,Guinea,73328-3708
250,Quaxo,Chino,HI,Guam,52883
251,Quaxo,Fresno,SC,Cuba,70370
252,Topdrive,Danville,DE,Slovenia,72856
253,Bubblebox,Hesperia,MN,Namibia,59578-2331
254,Dablist,Laguna Woods,LA,Saudia Arabia,23668
255,Kamba,Camarillo,NH,"Korea, South",71865-6786
256,Gabvine,Oakley,OK,Bolivia,49547
257,Skipfire,Apple Valley,WV,Colombia,29679
258,Zoomzone,Lomita,CT,Luxembourg,28241
259,Chatterbridge,Elk Grove,TN,Liberia,72581-3247
260,Aimbu,La Cañada Flintridge,HI,French Polynesia,93689
261,Yabox,Bell Gardens,WV,Estonia,72163
262,Vidoo,Carpinteria,NM,Nauru,07334-0465
263,Plambee,La Quinta,AR,Egypt,47932-0208
264,Thoughtmix,Cerritos,MI,Samoa,86424
265,Aivee,Sebastopol,NV,Lithuania,81299-1048
266,Youbridge,Mountain View,FL,Bosnia and Herzegovina,82286-8825
267,Flashspan,Hermosa Beach,VT,New Zealand,47112
268,Eadel,Rohnert Park,NH,Saint Martin,68235-2438
269,Kamba,San Juan Bautista,AL,Djibouti,27559-4467
270,Edgeblab,Arvin,GA,Dominican Republic,33065
271,Plajo,Ione,MT,Saint Helena,11378-1829
272,Thoughtstorm,Huntington Park,NV,Japan,20201-2843
273,Jabbersphere,Saratoga,MS,Morocco,46753
274,Wikivu,Oceanside,LA,"Congo, Democratic Republic of",98424
275,Agivu,St. Helena,IA,Spain,98093-0311
276,Meezzy,Port Hueneme,KY,Martinique,33848-6877
277,Kwinu,Beverly Hills,MT,Falkland Islands (Malvinas),26398-0509
278,Riffpath,Morro Bay,MI,United States Virgin Islands,22494-9632
279,Buzzbean,South Pasadena,RI,Libya,21371
280,Meejo,Union City,VT,Belgium,65906
281,Dabjam,Agoura Hills,AR,Cape Verde,03006-8994
282,Skynoodle,Shasta Lake,IA,Tuvalu,63815-5931
283,Kanoodle,Temecula,OH,Iceland,45328-9058
284,Thoughtworks,Livingston,UT,Finland,01040
285,Kwimbee,Santa Clara,KY,Bouvet Island,17637
286,Wordpedia,Amador City,ID,Saint Helena,87678
287,BlogXS,Suisun City,TN,Italy,73100-3801
288,Cogidoo,Sonoma,OR,Kiribati,36295-0970
289,Linkbuzz,Coalinga,NM,Myanmar,68911-7309
290,Tambee,Yuba City,CO,Anguilla,71777
291,Roombo,Gonzales,GA,British Indian Ocean Territory,02194-2176
292,Edgepulse,Brisbane,KY,Saint Helena,72538-2258
293,Janyx,Cupertino,MS,US Minor Outlying Islands,98295
294,Katz,Hillsborough,LA,Trinidad and Tobago,88670
295,Topiczoom,Palos Verdes Estates,MT,Grenada,44849
296,Feedmix,Moraga,NC,Tajikistan,29867-4943
297,Zoomlounge,Goleta,NE,Nepal,85739-7234
298,Gabspot,Danville,WA,Iran,70026
299,Skimia,Calexico,MS,Saint Vincent and the Grenadines,09862-8391
300,Zoombeat,Dos Palos,NC,Anguilla,91645
301,Quimm,Costa Mesa,HI,Ukraine,86657
302,Reallinks,Maywood,NH,Ethiopia,12076
303,Jaxbean,Artesia,AZ,Turkmenistan,52942
304,Vinder,Moorpark,IA,Laos,70606-9912
305,Quimba,Indio,PA,Haiti,66973
306,Wikivu,Danville,CA,Eritrea,36620
307,Browsetype,Riverside,MT,Haiti,05259
308,Yakidoo,Fort Jones,NV,Honduras,01942
309,Oodoo,Yucaipa,HI,Cape Verde,17471
310,Abata,Rancho Palos Verdes,DE,Mozambique,88026
311,Bluezoom,Glendale,CT,Turkey,75554
312,Browsezoom,San Ramon,MN,Papua New Guinea,16269-6320
313,Eazzy,Emeryville,NC,Azerbaijan,22425-9827
314,Podcat,Angels Camp,IN,USSR,47332
315,Rhybox,Pomona,RI,Madagascar,25329
316,Browsezoom,City of Industry,GA,New Zealand,49790-3248
317,Oyoba,Aliso Viejo,ID,Moldova,78620-5453
318,Mynte,Salinas,VT,"Korea, South",02064
319,Quinu,Barstow,PA,Sweden,92521
320,Thoughtbeat,Pomona,MT,Saint Vincent and the Grenadines,04449-3295
321,Plajo,Cathedral City,MD,Burundi,95744-6889
322,Innotype,Bradbury,TX,Belarus,38254-7303
323,Jaxworks,Hollister,CO,Saint Kitts and Nevis,20043-2622
324,Fliptune,Morgan Hill,NV,Moldova,41724-9835
325,Gevee,Fountain Valley,GA,Svalbard and Jan Mayen Islands,62106
326,Cogidoo,Saratoga,AR,Montserrat,74743-3333
327,Skiptube,Fairfax,ND,USSR,38237-3602
328,Skajo,Taft,NE,Uganda,55048
329,Rhyloo,Avenal,CT,Palau,22046
330,Voolia,Monterey,MD,Somalia,94673-6773
331,Vidoo,Mill Valley,MI,Guadeloupe,48512-0367
332,Kamba,Signal Hill,NY,Finland,64869-2402
333,Meevee,Waterford,WA,New Zealand,10335
334,Youtags,Corona,WA,Togo,86383-8034
335,Mynte,Dinuba,LA,Zambia,85015-1992
336,Ooba,Anaheim,NC,Cocos (Keeling) Island,74109
337,Zoovu,El Cajon,MO,Argentina,83505
338,Quinu,Arcata,FL,United States of America,12191-9114
339,Zooxo,Downey,RI,Qatar,79129
340,Wikibox,Big Bear Lake,AZ,Isle of Man,86990-0967
341,Brainsphere,Rio Vista,IA,Tonga,29117
342,Voomm,Williams,HI,New Zealand,08351-1414
343,Gigazoom,Eureka,IL,Luxembourg,67165
344,Mudo,El Monte,NY,Sri Lanka,02401-3665
345,Blogtags,Paso Robles,NC,Georgia,09958
346,Agivu,Palmdale,RI,Falkland Islands (Malvinas),14213
347,Feednation,East Palo Alto,WA,Bahamas,59669
348,Avaveo,Huntington Beach,AL,Uruguay,67923-7381
349,Kamba,Redding,CA,Lesotho,01843
350,Dynabox,Grover Beach,MA,Saudia Arabia,57330-7083
351,Skibox,Colusa,FL,Cape Verde,12812-3669
352,Rooxo,Mendota,SC,Denmark,14400-7242
353,Gabtune,Larkspur,TX,Chile,90923
354,Oyope,Placentia,CO,Guatemala,07528-0419
355,Browsebug,Pismo Beach,AK,Iraq,23934-3924
356,Shufflester,Dinuba,ID,Pakistan,47735
357,Rhynoodle,Morgan Hill,NV,Israel,42748
358,Wikibox,Tustin,ND,Sweden,16833-7301
359,Oyope,Moorpark,NJ,Somalia,61626-1061
360,Wikido,Crescent City,GA,Iceland,74578-7305
361,Quimm,Redding,OK,Cuba,64955
362,Yadel,Bell,WY,Saint Pierre and Miquelon,09335
363,Skimia,Colusa,WI,Serbia,63028
364,Flashset,Glendale,OH,Kazakhstan,79106-2409
365,Realbuzz,Livermore,NH,Croatia,20076-2965
366,Wordware,Selma,WA,Qatar,86767-2347
367,Latz,Fowler,MS,India,88770
368,Livetube,Rio Vista,OH,Slovenia,41305-2534
369,Yamia,Pleasant Hill,AZ,Croatia,38583-0546
370,Quatz,American Canyon,NE,USSR,13430
371,Myworks,Novato,OR,Saudia Arabia,47822
372,Mita,Greenfield,MN,Guinea,40361
373,Meevee,Twentynine Palms,MS,French Polynesia,83895-2372
374,Yombu,Lakewood,MD,Kenya,40204-9439
375,Feedfire,Williams,KY,Cook Islands,58026
376,Mydo,Rancho Cucamonga,KY,Sri Lanka,29727
377,Oyoyo,Camarillo,MI,Sao Tome and Principe,47759
378,Photofeed,Ojai,IA,Russia,70241
379,Rhycero,Los Alamitos,NY,Trinidad and Tobago,60200-0382
380,Livepath,Los Gatos,MD,Serbia,48152-7150
381,Devify,South Pasadena,NV,Saint Barthelemy,89068
382,Feedmix,Laguna Beach,KS,Tajikistan,22726
383,Mynte,Indian Wells,CA,Belgium,94296
384,Wikizz,San Marino,KY,Seychelles,54746-2804
385,Jabbersphere,Santa Paula,OH,Lesotho,64568-7972
386,Jabbersphere,Sonora,RI,US Minor Outlying Islands,63782
387,Vitz,Solana Beach,OK,Palau,48169
388,Edgeclub,Carson,PA,United Kingdom,43762-8350
389,Aimbu,Monterey,MN,Serbia,37620
390,Shufflester,Atascadero,KY,Western Sahara,91403
391,Gevee,Monterey,TX,Norway,85939
392,Jaxnation,Orange Cove,NC,Kuwait,08274-4114
393,Cogilith,Windsor,WV,French Polynesia,56146-7637
394,Dabtype,Chula Vista,NJ,Slovenia,72420
395,Skivee,Camarillo,NJ,Cote d'Ivoire,40572
396,Vimbo,Claremont,NM,Uzbekistan,54887-2977
397,Realbridge,Atherton,RI,Nigeria,23139
398,Tagpad,Plymouth,MT,Tajikistan,06614
399,Livetube,Guadalupe,DE,United States Virgin Islands,90784
400,Gigashots,Eureka,WV,Saint Helena,45648
401,Oyoloo,Cerritos,PA,Cameroon,77884-8039
402,Wordtune,Colusa,AK,Ascension Island,42994-7588
403,Gigaclub,Orange Cove,IL,Greece,18570-4646
404,Trupe,Montebello,AK,Christmas Island,61043
405,Yodel,San Rafael,NH,US Minor Outlying Islands,94248-5405
406,Oyoloo,Pittsburg,NC,Canada,39479-7358
407,Jaloo,Indio,DE,Togo,40925
408,Tanoodle,Eureka,WI,Azerbaijan,44006
409,Nlounge,Dinuba,NJ,Cambodia,35524-8070
410,Izio,Calexico,SD,Jamaica,27014
411,Brainverse,Goleta,MO,Belarus,26426-0031
412,Brightdog,Ventura,TN,Georgia,16258
413,Zoonder,Fremont,NH,"Korea, North",41284-0214
414,Photobug,Beverly Hills,DE,Ukraine,27290
415,Twinder,Murrieta,MT,Niue,05336-6449
416,Ainyx,Concord,OK,India,57781-2049
417,Shuffledrive,Hayward,MA,Saint Kitts and Nevis,90940
418,Realbuzz,Maricopa,OR,Netherlands,32533-7201
419,Quatz,San Juan Bautista,IL,Dominica,87065
420,Realpoint,San Leandro,MI,Puerto Rico,79215-9624
421,Aimbu,Escalon,NE,Thailand,82689
422,Ooba,Pacific Grove,DE,Brazil,83688
423,Divavu,Loyalton,AK,Azerbaijan,57030
424,Livepath,Tracy,VA,Kiribati,01027
425,Ntag,Santa Clara,KS,Comoros,89163
426,Vitz,Petaluma,NE,Slovakia,42079
427,Trilia,Gustine,NH,Guatemala,50805-3591
428,Jamia,Watsonville,OR,Dominican Republic,65723
429,Meembee,Santee,GA,Togo,87283
430,DabZ,Torrance,WY,Sweden,44752
431,Browsedrive,Plymouth,MO,Norway,86798
432,Babbleset,Gustine,NY,Monaco,25715-0044
433,Rhybox,Elk Grove,OH,Macedonia,36802-2783
434,Leenti,California City,PA,Guadeloupe,19685-5865
435,Yotz,La Puente,MD,Cape Verde,06158
436,Jetpulse,Palos Verdes Estates,OH,Bolivia,88905
437,Fivebridge,Santa Ana,MO,Moldova,40103
438,Skiba,Rancho Palos Verdes,KY,Uzbekistan,70318-3824
439,Yamia,Daly City,NH,Saudia Arabia,08756-2753
440,Kaymbo,Thousand Oaks,VT,Saudia Arabia,48887
441,Demizz,Garden Grove,SC,USSR,92609-4962
442,Devify,Arvin,OK,Kenya,53952
443,Talane,Pasadena,AR,"Korea, South",67050
444,Youfeed,Stanton,SC,Mexico,58696
445,Twitterbeat,Loma Linda,CO,Iraq,40867-7699
446,Voonte,Lakeport,WI,Malta,70307-8366
447,Eabox,Hollister,AK,Hungary,17188
448,Devcast,Burlingame,MN,Saint Vincent and the Grenadines,10858-0161
449,Gevee,Malibu,ND,Saint Vincent and the Grenadines,97099-6626
450,Innotype,Lake Forest,OK,British Indian Ocean Territory,67110
451,Skajo,Banning,CO,Samoa,23858-5207
452,Plambee,Citrus Heights,MN,Germany,24837
453,Mydo,Hercules,ID,Azerbaijan,34447
454,Roomm,San Jacinto,OK,Burkina Faso,65927-9802
455,Brainverse,Azusa,CO,Niger,51231
456,Jaxspan,Roseville,MN,Cambodia,51407-5033
457,Quimba,Bell,CO,Cambodia,02806-8188
458,Dazzlesphere,Calabasas,IN,Libya,05947
459,Eadel,Hawthorne,NV,Nicaragua,42538
460,Linktype,Gardena,MA,Zambia,57038-3083
461,Kaymbo,San Marino,AK,Cameroon,77679-4019
462,Browsebug,Loyalton,RI,Jersey,49743
463,Twimbo,Bell Gardens,OR,Anguilla,45968
464,Linktype,Monterey Park,MN,Russia,36261-7513
465,Skilith,Lindsay,TX,Luxembourg,50966
466,Quatz,Dunsmuir,OH,Cyprus,87896
467,Topiczoom,Fresno,OR,Qatar,18347
468,Jaxspan,Cudahy,WI,Mongolia,07997
469,Eimbee,Red Bluff,TN,Jordan,04716
470,Twitterbridge,Folsom,WI,Western Sahara,54302-6520
471,InnoZ,Belvedere,MN,American Samoa,89388-4363
472,Flashspan,Kerman,NV,Mauritania,10497-6950
473,Zoozzy,Ross,MA,Bouvet Island,92799
474,Photobug,Imperial,IA,Peru,66570-6774
475,Gigazoom,Gardena,MA,"Korea, South",04848
476,Trilia,Westlake Village,ID,Honduras,04484-7468
477,Oyondu,Tulare,MO,Heard and McDonald Islands,06893
478,Bubblebox,Mission Viejo,IL,"Congo, Democratic Republic of",04731
479,Photolist,San Francisco,VT,Sao Tome and Principe,95880-5356
480,Skipfire,St. Helena,MN,Pakistan,24984
481,Buzzdog,South Gate,NM,"Congo, Democratic Republic of",08694
482,Jaxnation,Corcoran,IA,Cocos (Keeling) Island,44556-2743
483,Leenti,Folsom,NE,Tanzania,84741
484,Trudoo,Desert Hot Springs,LA,Uganda,20659
485,Aimbo,Lemoore,WI,"Congo, Republic of",64433
486,Zoovu,Exeter,LA,Hong Kong,26349-3552
487,Wordify,Bakersfield,VA,British Indian Ocean Territory,73863-5952
488,Bubbletube,Livingston,TN,Paraguay,97994
489,Tagpad,Arroyo Grande,WY,Dominican Republic,05457
490,Zoozzy,San Joaquin,CT,Denmark,23102-4916
491,Dablist,Signal Hill,KY,Chad,86462-9291
492,Photobug,Belmont,AR,Guyana,30499-9586
493,Einti,Livingston,MI,Thailand,88518-3245
494,Yozio,Palmdale,WA,Czech Republic,78236
495,Jaxworks,Plymouth,SD,Uzbekistan,71748
496,Tagopia,Turlock,NV,Micronesia,45729
497,Kwimbee,Torrance,FL,Malta,74687
498,Shufflester,Exeter,MO,Argentina,65696
499,Jaxworks,Calistoga,CA,Andorra,95438
500,Twimm,Dos Palos,NJ,Saint Pierre and Miquelon,80564-4920
501,Divanoodle,Weed,WA,Mayotte,44880
502,Topicshots,Santa Rosa,NH,Honduras,91132
503,Buzzdog,Gardena,DE,Uruguay,23638
504,Buzzbean,Shafter,NC,Fiji,06477-1414
505,Bubblebox,San Diego,GA,Saint Pierre and Miquelon,74233-2391
506,Buzzster,Fowler,OK,British Virgin Islands,06043
507,Miboo,Chico,TN,Bahrain,61247-3866
508,Skyndu,La Cañada Flintridge,AZ,Portugal,38323
509,Viva,Napa,NM,Philippines,76735
510,Rhybox,Lemon Grove,TX,Ethiopia,61556-1928
511,Feedfire,Anaheim,RI,Antigua and Barbuda,94968-9140
512,Mymm,Firebaugh,NH,Tuvalu,25671
513,Digitube,Rio Vista,HI,United States Virgin Islands,37058
514,Aimbo,Colma,CA,Falkland Islands (Malvinas),16910
515,Skyble,Petaluma,TX,"Korea, South",83033
516,Avavee,Live Oak,CT,Equatorial Guinea,42326
517,Dynabox,Hercules,MS,Honduras,35288-0662
518,Tazz,San Juan Bautista,ID,Gabon,27835
519,Topicstorm,Sebastopol,WA,Sri Lanka,29117
520,Fliptune,Marina,CO,French Guiana,32709
521,Dynazzy,Covina,IN,Cote d'Ivoire,68642
522,Chatterbridge,San Luis Obispo,KS,Morocco,59883
523,Fadeo,Wasco,MS,Ghana,85421
524,Voomm,Morro Bay,VT,Norway,54977
525,Leexo,National City,VA,Bahamas,33377
526,Quire,Hollister,OK,Bermuda,04286
527,Ntags,Anaheim,NV,Lebanon,99011-7444
528,Divape,Oakley,NM,Zimbabwe,79533-3739
529,Agivu,Montague,TN,Bolivia,43597
530,Wordtune,Calipatria,WY,Barbados,69311-0024
531,Skipfire,San Jacinto,OH,Cyprus,04125
532,Youspan,Capitola,GA,Northern Mariana Islands,21608-6403
533,Flashdog,Hughson,KS,Kiribati,35155
534,Skivee,City of Commerce,MD,Denmark,14772
535,Tekfly,Half Moon Bay,CT,Yemen,08368-8066
536,Meevee,Beverly Hills,NE,Nigeria,23768-2762
537,Aimbu,Red Bluff,KY,Thailand,74697
538,Jaloo,Vista,WY,Comoros,05404-2043
539,Jaxworks,Willows,NV,Luxembourg,50819
540,Youspan,Red Bluff,TX,Afghanistan,12742
541,Topdrive,Ceres,IN,Greece,16053-9677
542,Babbleblab,Ridgecrest,NM,Guinea-Bissau,97440-6266
543,Zoombox,Lomita,WI,Mayotte,51916
544,Quimba,Atwater,NH,United Arab Emirates,78827
545,Twitternation,Lathrop,WI,Jersey,74628-3333
546,Mynte,Red Bluff,MI,Panama,69608
547,Omba,Concord,MN,Kuwait,62820-7543
548,Yamia,Live Oak,ME,Liberia,29544-4159
549,Tambee,Santa Barbara,NC,Brazil,01029
550,Chatterpoint,Highland,CT,Israel,30276
551,Tagcat,Mount Shasta,ME,Costa Rica,36331
552,Oozz,San Mateo,IL,Eritrea,31893
553,Tekfly,Villa Park,NJ,Tuvalu,22067-2772
554,Rhyloo,Colusa,IL,Solomon Islands,85277
555,InnoZ,Brea,NM,Guernsey,73024-5467
556,Yambee,Rohnert Park,IA,"Korea, South",50619-4331
557,Vimbo,Sand City,NE,Malta,65524
558,Wordify,Lodi,KS,Tajikistan,29475-9844
559,Gigazoom,Signal Hill,MN,Sudan,07083-9292
560,Zoomdog,Porterville,AL,Senegal,63307
561,Meevee,Calabasas,UT,British Indian Ocean Territory,98255-3868
562,LiveZ,San Mateo,IN,French Guiana,90529
563,Blogpad,Palos Verdes Estates,ME,Yugoslavia,55558-5854
564,Thoughtblab,San Jacinto,MT,Falkland Islands (Malvinas),57380-3550
565,Rhybox,Piedmont,OK,Jamaica,73300-7130
566,Eire,Galt,MD,Swaziland,42683
567,Myworks,Mammoth Lakes,AK,Falkland Islands (Malvinas),65840
568,Pixope,Parlier,MS,Saint Vincent and the Grenadines,31991
569,Zoomdog,Highland,ME,Malawi,89594-7928
570,Rhyzio,La Habra Heights,AK,Moldova,95794
571,Wordpedia,Lake Elsinore,MA,Mayotte,02072-6908
572,Zooveo,Napa,IL,Singapore,71348
573,Realmix,Malibu,KS,Romania,65870-8126
574,Wikibox,Cupertino,TN,Paraguay,39153
575,Topicblab,Stanton,FL,Pitcairn Island,95911
576,Yombu,Lake Elsinore,OR,Ukraine,67272-7196
577,Avaveo,Santee,IL,Chad,98037-4960
578,Myworks,Newman,IN,Portugal,47083-5838
579,Latz,Corning,WI,Hungary,04423-5524
580,Skalith,Rio Vista,MS,Marshall Islands,54626
581,Jayo,Portola Valley,NM,Costa Rica,31746-9020
582,DabZ,Sanger,WV,Vietnam,99893-9451
583,Midel,Lakewood,AZ,Qatar,74350
584,Realpoint,Paradise,KS,Monaco,75462-1963
585,Quire,Big Bear Lake,GA,Australia,37902
586,Vimbo,Rialto,CA,British Virgin Islands,25726
587,Nlounge,Arcata,IN,Cocos (Keeling) Island,41044-9598
588,Oyoyo,Maywood,ID,Seychelles,11542-0687
589,Buzzdog,Moraga,IN,Tonga,27196-2117
590,Buzzster,Goleta,NE,Bulgaria,35346-2127
591,Demimbu,Temecula,VA,Hungary,22737-3132
592,Minyx,Hillsborough,ME,Norway,55422-9937
593,Jabberstorm,Porterville,RI,Guyana,44431-1816
594,Skynoodle,Sanger,NE,Hungary,82813
595,Meevee,El Centro,HI,Turkey,81845-7958
596,Skyvu,Chowchilla,WI,Mongolia,12530-9839
597,Quimba,Yucca Valley,AL,Cote d'Ivoire,09540-4539
598,Voonder,Anderson,VT,Micronesia,05784
599,Camido,Alameda,LA,Russia,44827-3205
600,Yamia,Corte Madera,CA,French Southern Territories,33304
601,Fatz,Rio Dell,CT,Eritrea,16517
602,Thoughtsphere,Chico,MN,Finland,80015
603,Wordpedia,Rolling Hills,WV,Turkmenistan,53177-2579
604,Zoomcast,Livingston,MI,Mauritania,28472
605,Skyndu,Weed,WA,Malawi,71460
606,Livefish,Nevada City,NY,Bosnia and Herzegovina,58039
607,Quaxo,Mendota,NY,Western Sahara,20012
608,Centimia,Los Altos Hills,VT,Falkland Islands (Malvinas),87066
609,Voomm,Placerville,NY,San Marino,77777
610,Brightdog,Chula Vista,CO,Bermuda,05900
611,Wikibox,Walnut,CO,Israel,10093
612,Mita,Alhambra,OK,Western Sahara,88828
613,Browsecat,Lincoln,VA,Namibia,19581-4124
614,Photobug,Windsor,MA,Lebanon,12171-7609
615,Pixoboo,Mission Viejo,NH,Finland,52160
616,Dabshots,Coalinga,IL,Luxembourg,59187
617,Zoombox,Modesto,AZ,Faroe Islands,05548-1571
618,Jaxnation,Mount Shasta,IN,Saint Vincent and the Grenadines,84602-3658
619,Flipopia,Norco,WY,Fiji,37030
620,Meejo,Huntington Park,MN,United States of America,86332-9412
621,Topiczoom,Imperial,NJ,Senegal,98036-7263
622,Yodel,Del Mar,NC,United Arab Emirates,39871-1921
623,Flashspan,Nevada City,AK,El Salvador,19683-3325
624,Blognation,Tehama,MS,Saint Barthelemy,55996
625,Eayo,Avalon,WV,Åland,95102-3835
626,Bubblemix,Shafter,WA,Central African Republic,09751-9994
627,Dynabox,Loyalton,RI,Seychelles,57801-8501
628,Topicstorm,Temecula,ND,Niue,34775-7432
629,Shufflester,Pomona,IL,Saint Barthelemy,79451-5175
630,Trunyx,Paso Robles,CT,Philippines,97645
631,Mybuzz,Calabasas,LA,Brunei Darussalam,09887-1504
632,Zazio,Long Beach,NV,Chad,06281-0303
633,Dabshots,Solana Beach,KS,San Marino,42400
634,Realblab,Laguna Niguel,FL,Mayotte,07302
635,Edgeclub,Maricopa,MT,"Congo, Republic of",26830-6417
636,Dabfeed,Rialto,WA,Armenia,08596
637,Shuffletag,San Jose,ND,Gabon,87047
638,Devpulse,Rohnert Park,IL,Guinea,87723
639,Zoomzone,San Joaquin,FL,Rwanda,75863-4150
640,Snaptags,Willows,PA,Antarctica,03307-4989
641,Gigazoom,Placentia,IL,Portugal,33648
642,Realbuzz,City of Industry,NM,Mozambique,92892-4499
643,Snaptags,Covina,WV,Mayotte,06964-4870
644,Realblab,Newman,MT,Colombia,81768
645,Topicstorm,Bishop,OH,Tuvalu,07774-5642
646,Browsetype,Stockton,CT,Iraq,80749
647,Muxo,Yucca Valley,NM,Malawi,68691-9713
648,Bluejam,Hercules,NC,Faroe Islands,46785-4905
649,Dabjam,Berkeley,PA,Benin,07676-0459
650,Dynava,Norwalk,TX,Monaco,87439-6794
651,Voonte,Hayward,RI,Finland,95310
652,Linkbuzz,Sand City,TN,Antigua and Barbuda,58783
653,Geba,Lompoc,OR,Bulgaria,18865-7693
654,Topicware,Vacaville,WA,Turkmenistan,22172
655,Ozu,Millbrae,AL,Greece,81423
656,Browsezoom,Colton,GA,Yugoslavia,50002-5860
657,Jaxworks,Paradise,IN,Syria,73143-9350
658,Rhynyx,Artesia,SD,Morocco,70805-4948
659,Gabtype,Inglewood,AR,Nicaragua,92402-5098
660,Skinder,Lemon Grove,NM,Ireland,46690-1198
661,Tazzy,Simi Valley,NV,United Kingdom,63341
662,Twitterworks,Willows,FL,Spain,67567
663,Eire,Ceres,MN,Singapore,07809
664,Twitterworks,Montclair,NE,Indonesia,73711
665,Latz,Oakdale,MO,Romania,16966-4611
666,Demivee,Lancaster,ID,Cocos (Keeling) Island,92399
667,Kwimbee,Monterey,CO,Israel,94648
668,Flashset,King City,CO,Gibraltar,17854-1005
669,Wikivu,Livermore,SC,Bahamas,92473
670,Feedfire,Irvine,MO,Bulgaria,47872-0735
671,JumpXS,Soledad,CA,Czech Republic,39425-4391
672,Tavu,Bellflower,WY,Andorra,82849
673,Jabberstorm,Encinitas,WV,Svalbard and Jan Mayen Islands,56751-1534
674,Photobug,Mendota,IA,Fiji,89623
675,Feedbug,Westlake Village,RI,US Minor Outlying Islands,78310-7724
676,Skinix,Suisun City,WY,Seychelles,42743-3708
677,Zoozzy,Monte Sereno,MA,Iceland,74175-5284
678,Wikizz,Pomona,UT,Palau,40765-0773
679,Meevee,Kerman,MN,Estonia,17485-3459
680,Vitz,Temecula,IN,Kazakhstan,82238
681,Eayo,Live Oak,UT,Pakistan,64626-4203
682,Mynte,Etna,WV,Zimbabwe,21794-8769
683,Aimbu,Willows,KS,Vietnam,21335-6781
684,Zoombox,San Bruno,VA,Pitcairn Island,81111
685,Devpulse,City of Commerce,IL,Ascension Island,55710
686,Mydo,Los Altos,KS,Spain,91204
687,Feedmix,Arcata,ME,Barbados,55243
688,Rhycero,Citrus Heights,TX,French Southern Territories,98092
689,Wordpedia,Winters,IL,Lithuania,86962-9184
690,Linktype,Orinda,NH,Cambodia,64394-7797
691,Buzzster,Lathrop,PA,United Kingdom,18820-3003
692,Shufflester,Paramount,CO,Saudia Arabia,29764-5799
693,Kimia,Lake Elsinore,MS,Uzbekistan,42914-0541
694,Brainsphere,Cathedral City,MS,Austria,21621-6597
695,Twinte,Taft,NH,Saint Helena,30352-4613
696,Meeveo,City of Commerce,DE,Algeria,81368-8638
697,Dynabox,Avalon,NH,Honduras,63012
698,Omba,Foster City,MA,Turkey,51356-5856
699,Quatz,Ione,MO,Bahamas,68492
700,Realpoint,Vacaville,NH,Sao Tome and Principe,88767
701,Realfire,Highland,AZ,Saint Kitts and Nevis,93060-9262
702,Dabfeed,Westminster,MA,Wallis and Futuna Islands,17719-1741
703,Tagfeed,San Marcos,IN,Equatorial Guinea,14168
704,Eare,La Palma,VT,Haiti,44831
705,Trupe,Upland,WI,New Zealand,66817
706,Jabbercube,Exeter,WV,Vietnam,72812
707,Divape,Perris,CO,Kiribati,16414
708,Meemm,Citrus Heights,AL,Dominican Republic,14634
709,Blogpad,Bellflower,TN,Nicaragua,49161
710,Twitternation,Etna,IL,Philippines,05055
711,Jayo,Soledad,LA,Kuwait,52185
712,Edgetag,San Anselmo,KS,Vietnam,08585
713,Rhynyx,Grand Terrace,DE,"Korea, North",22483
714,Flashpoint,Los Alamitos,AZ,Georgia,72875
715,Jayo,Salinas,AZ,Azerbaijan,65327-8315
716,Kwideo,Vacaville,NM,Norway,15975
717,Latz,Avalon,VA,Finland,75718
718,Agimba,Westminster,ND,Faroe Islands,34167-5701
719,Topicshots,Montague,NE,Trinidad and Tobago,99439-8284
720,Shufflebeat,Lincoln,IN,Papua New Guinea,79117
721,Jazzy,Taft,OH,Australia,57843-8631
722,Jaxworks,Morro Bay,MA,Monaco,79569-3962
723,Zoomcast,Exeter,WA,Senegal,15935-5140
724,Thoughtmix,La Verne,FL,Bahrain,49187-8072
725,Kwimbee,Ross,PA,Saint Martin,40096-2107
726,Aivee,Bellflower,LA,Spain,12278-8935
727,Mynte,Pleasanton,MA,Eritrea,92903
728,Feedfish,Gonzales,VT,Cape Verde,64257
729,Gigazoom,Solvang,RI,Barbados,29020-5179
730,Ainyx,Kingsburg,LA,Barbados,29745-9313
731,Yamia,Gardena,WA,Algeria,72426
732,Wikibox,La Puente,RI,Bolivia,51664
733,Trudoo,Merced,WY,Andorra,10898-7942
734,Myworks,Paso Robles,LA,Czech Republic,75085-0178
735,Yacero,Newman,SD,Haiti,14593
736,Devpoint,Portola Valley,TN,Cuba,06543-8320
737,BlogXS,Escalon,WV,Madagascar,20676
738,Oyoba,Fontana,LA,Kenya,48610-6273
739,Gabtype,Lancaster,MA,"Korea, North",10671-5839
740,Fivespan,Holtville,TX,Madagascar,69547-9293
741,Jaloo,Marysville,DE,Sweden,12803-4718
742,Twitterworks,Dana Point,OH,Sudan,68554
743,Flipbug,Vallejo,MI,Kuwait,93372-5288
744,Viva,Diamond Bar,GA,Antigua and Barbuda,88887-7534
745,Dynava,Madera,WV,Uruguay,67155
746,Devshare,Westlake Village,HI,Cote d'Ivoire,23944-2224
747,Realfire,Redondo Beach,IL,Guyana,25269-4324
748,Geba,Merced,HI,Albania,84548-5915
749,Npath,South Pasadena,AR,Peru,85392-8232
750,Vinder,Carmel-by-the-Sea,KY,Tonga,15518
751,Thoughtbeat,Moorpark,NM,"Congo, Republic of",42705-1301
752,Youtags,Redlands,AL,Åland,90816-9548
753,Rhyloo,King City,WV,Myanmar,88881
754,Fanoodle,Anderson,MI,Solomon Islands,19253-3378
755,Kazu,Alameda,NJ,Oman,31610
756,Voolith,Watsonville,IL,Seychelles,84238
757,Jabberstorm,Manteca,AK,Norway,01245
758,Skajo,Imperial,DE,Reunion,10344
759,Oodoo,Napa,WI,Haiti,07509
760,Zooveo,Westlake Village,SC,South Africa,10669-7006
761,Jaxworks,Paradise,ND,Luxembourg,70948-6814
762,Jetpulse,Manhattan Beach,WA,Israel,54672
763,Twitterlist,Redlands,AZ,Iran,46683-3089
764,Dynabox,Beaumont,DE,Croatia,11718-7185
765,Skipfire,Santa Maria,MO,Burkina Faso,27633
766,Jaloo,Cupertino,NY,Indonesia,69058-2332
767,Twitterbeat,Yorba Linda,WA,Slovenia,10701
768,Browsecat,Stanton,AR,Latvia,65093
769,Twinder,Indio,CA,Djibouti,07233-8682
770,Topicblab,Willits,TX,Cambodia,32256
771,Riffpedia,Lancaster,WA,Belize,68271
772,Avamm,Willits,WA,Norway,48226
773,Jaxnation,Marina,RI,Tanzania,79351
774,Trupe,Aliso Viejo,NE,Niue,55245
775,Feednation,Lindsay,ND,Belize,43606-4048
776,Yamia,Newark,AK,Peru,46718-6426
777,Yodel,Brentwood,VT,Angola,58480
778,Centizu,San Bruno,IN,Suriname,39533
779,Thoughtstorm,Bell Gardens,NM,"Congo, Democratic Republic of",07085
780,BlogXS,Palm Springs,NM,Macedonia,10672-9411
781,Quatz,Rohnert Park,KS,Taiwan,08866-5279
782,Divavu,Biggs,MI,Seychelles,14509-2101
783,Photobug,Oakley,MD,Peru,61438-7632
784,Linklinks,Lynwood,SC,Cape Verde,13450-2019
785,Skyndu,Gilroy,NC,Guam,50398-0559
786,Voolia,Salinas,DE,Yugoslavia,43774
787,Eadel,City of Industry,NY,Macedonia,33115
788,Meezzy,Oakdale,NV,Trinidad and Tobago,70416
789,Blogtag,Hollister,NV,South Georgia and the South Sandwich Islands,75703
790,Reallinks,Tulare,ME,Liechtenstein,12824-6970
791,Feedbug,Arvin,AZ,Bangladesh,79576-8527
792,Rooxo,Pleasanton,PA,Malawi,75963-9541
793,Twimm,Barstow,IN,Mauritius,02090
794,Yacero,Porterville,ND,Canada,53654-0881
795,Gabspot,Belmont,IA,Austria,78137
796,Jaxnation,Coronado,RI,Mauritania,48200
797,Kwilith,Tustin,VT,Burkina Faso,49068-2360
798,Photojam,Lynwood,MT,Liechtenstein,52708
799,Skinder,Clayton,VA,Malawi,58382-3004
800,Tagtune,Chico,IA,British Virgin Islands,83405-6940
801,Browsecat,San Mateo,NE,Kenya,91031
802,Twitterlist,San Diego,VT,Colombia,59633-7590
803,JumpXS,Lodi,GA,Papua New Guinea,89455-7628
804,Twitterbridge,Lindsay,AK,Mayotte,53852
805,Ntags,Dorris,SC,Netherlands Antilles,61019-9212
806,Meedoo,Salinas,MN,Nepal,12337
807,Latz,Calimesa,MN,Puerto Rico,88965-1500
808,Linkbuzz,San Anselmo,IL,Indonesia,21516
809,Browsecat,Pleasanton,MD,Japan,28843-7087
810,Yakitri,Rancho Cucamonga,NY,Mongolia,85310
811,Devpoint,Moreno Valley,ME,Ecuador,32610-3103
812,Photolist,Yreka,SD,Northern Mariana Islands,30451-6475
813,Browsetype,San Clemente,NH,Bulgaria,77768-5454
814,Jayo,Seal Beach,NM,Mauritius,55920-7550
815,Buzzdog,Canyon Lake,ID,Burkina Faso,02836-5683
816,Jayo,Concord,IN,British Virgin Islands,82936
817,Skajo,Eureka,VT,"Congo, Democratic Republic of",84783-9802
818,Twitterbridge,South El Monte,CT,Russia,94089-8669
819,Reallinks,Cotati,MT,Gibraltar,42892
820,Voonix,Chula Vista,MT,Djibouti,82112-3504
821,Gabspot,San Clemente,TN,Isle of Man,14426
822,Gabcube,Brawley,VA,Saint Kitts and Nevis,03129-8177
823,Twitterbeat,Artesia,AZ,Uganda,78145-7462
824,Zoombox,San Pablo,MI,Gabon,62214-4213
825,Jatri,San Mateo,SD,Rwanda,86687
826,Zazio,Duarte,VT,Malta,73311
827,Thoughtsphere,La Habra,IA,"Korea, North",58694-0865
828,Twitterlist,Paso Robles,IA,Brunei Darussalam,16650-4400
829,Voolia,Rio Dell,TX,Yemen,85497-0696
830,Jabberstorm,Palo Alto,MO,French Guiana,21474-7998
831,Tekfly,Lakewood,UT,Papua New Guinea,89783
832,Zoomcast,La Mirada,CO,Montenegro,45656-6470
833,Skiba,Avalon,MO,Honduras,17023
834,Katz,Artesia,SD,New Zealand,19523
835,Thoughtmix,Palo Alto,OK,Spain,59260-3886
836,Aibox,Tehama,NH,Romania,03721
837,Einti,King City,WV,Cayman Islands,01843-3632
838,Ainyx,Nevada City,FL,Sweden,36581-1266
839,Livefish,Culver City,MA,Guatemala,13965-2617
840,Yoveo,Napa,OR,British Virgin Islands,71912-7711
841,Roodel,Malibu,PA,Reunion,67803-0018
842,Yadel,Avalon,TN,Niue,50670-9606
843,Yodel,Lemoore,CA,Luxembourg,14597-0850
844,Dabjam,Taft,VA,France,29790-8093
845,Browsecat,Huron,IA,Venezuela,68387-5894
846,Ainyx,La Mesa,OR,Turkey,99467-2403
847,Bluezoom,Hermosa Beach,WA,"Korea, North",23312
848,Riffpath,San Diego,CT,Heard and McDonald Islands,13744
849,Linktype,Wheatland,MT,Grenada,60831
850,Realcube,San Carlos,MO,"Congo, Republic of",75824
851,Wikivu,Westlake Village,CA,Qatar,22322
852,Ainyx,Sand City,HI,Benin,91403
853,Yamia,San Joaquin,MI,Yemen,26848
854,Babbleopia,Sebastopol,IL,Algeria,58227-4197
855,Oyoloo,Morro Bay,KY,Macedonia,84373
856,Quatz,City of Commerce,AL,Chad,95008
857,Realmix,Del Mar,PA,Ghana,45472
858,Babbleset,Clearlake,NH,Mali,21052
859,Youspan,Stanton,AZ,Saint Helena,74882-0333
860,Vinte,Folsom,CT,Nauru,65909-1365
861,Twitterbridge,Coachella,AL,Japan,69510
862,Flipstorm,Riverbank,UT,Liechtenstein,90421
863,LiveZ,San Leandro,TN,Switzerland,00500
864,Skyba,Santa Barbara,WV,Puerto Rico,38689-0410
865,Wikivu,Burbank,SC,Liberia,24296-4825
866,Zoombeat,Martinez,NE,Cape Verde,16960-7164
867,Feedfire,Livermore,MD,San Marino,57755-6502
868,Zoonder,Fountain Valley,IA,Turkey,13846
869,Yakidoo,Inglewood,SC,Dominica,25827
870,Gigaclub,Vista,UT,Aruba,32638
871,Wordware,Carlsbad,NV,Montenegro,35946
872,Rhybox,Fowler,TX,Saint Helena,26934
873,Twitterwire,Tustin,NE,South Georgia and the South Sandwich Islands,62261
874,Zoovu,Folsom,MN,Iraq,34237
875,Skinder,Burlingame,NE,Mayotte,59347-8525
876,Roombo,Hillsborough,FL,Macedonia,09792
877,Fivebridge,Riverside,NJ,Burkina Faso,63492
878,Photobean,Loyalton,AK,Saint Barthelemy,75626-7355
879,Podcat,Willows,ND,Cote d'Ivoire,65774
880,Skyba,Montclair,AK,Burundi,29165
881,Dabvine,Hillsborough,MA,Kenya,12461-7941
882,Zoombox,Orange Cove,SD,Denmark,28803
883,Skibox,Davis,WY,Micronesia,43363
884,Devcast,Piedmont,RI,Liechtenstein,56895-2951
885,Centidel,Maywood,RI,Saint Barthelemy,10890-7508
886,Fadeo,Palm Springs,MS,Cayman Islands,03813-5503
887,Pixope,Chula Vista,IA,Mauritania,81196
888,Yabox,Pleasanton,DE,Denmark,03293-5423
889,Gabcube,Sutter Creek,CA,"Korea, North",75633
890,Kayveo,Del Mar,SC,Grenada,88188
891,Camimbo,Clovis,AL,Dominican Republic,78510-5531
892,Demimbu,Loma Linda,FL,Canada,43230
893,Jayo,Trinidad,HI,Costa Rica,38111
894,Pixonyx,San Juan Capistrano,HI,Latvia,60301-8290
895,Meevee,Sonoma,MA,Tunisia,78195
896,Fliptune,Covina,SC,Svalbard and Jan Mayen Islands,66093-6219
897,Quatz,Williams,MT,Dominica,87099-2479
898,Skipstorm,Westmorland,FL,Palau,54272-1962
899,Oloo,Portola Valley,GA,United Kingdom,99680-5809
900,Yodel,Loomis,OH,Nauru,14433
901,Quinu,Vacaville,WI,Belarus,44106-8881
902,Yacero,Patterson,WV,Canada,96462-0102
903,Skyvu,Yountville,RI,Kuwait,29176-6585
904,Jayo,Healdsburg,MN,Iran,99960-7349
905,Ailane,Lindsay,CO,Reunion,72383
906,Abata,Coronado,VT,Afghanistan,61214
907,Zooxo,Barstow,NV,Ethiopia,45027-5283
908,Eire,Encinitas,ND,Belarus,71386-8138
909,Devcast,Redlands,CO,Sri Lanka,23944-2110
910,Linkbridge,Atherton,MS,Angola,84119-4658
911,Ntag,Carpinteria,FL,Anguilla,23667
912,Katz,Live Oak,KS,Saint Helena,25946
913,Dynabox,St. Helena,AL,Switzerland,03017-7162
914,Edgeclub,Cudahy,UT,Kiribati,51120-0827
915,Twinder,Beverly Hills,VA,Moldova,82017-0204
916,Rooxo,Manteca,VT,Nicaragua,47147-2130
917,Wordtune,Temecula,OH,Mexico,62517-1471
918,Jabberstorm,Palo Alto,NM,Mali,11361-4349
919,Yambee,Rio Dell,WV,Belgium,57046-2861
920,Edgeblab,Pismo Beach,IN,Georgia,21259-6831
921,Izio,Sierra Madre,NE,Kiribati,67585-0150
922,Chatterbridge,Santa Barbara,KY,French Guiana,12784
923,Yombu,Long Beach,NC,Cape Verde,24231
924,Riffpath,Atascadero,MT,Turkey,54829
925,Rhycero,Solana Beach,TN,United Kingdom,54065-6742
926,Cogidoo,Claremont,ID,Jamaica,88848
927,Tekfly,Blue Lake,NC,US Minor Outlying Islands,66853-1494
928,Demivee,Imperial Beach,VT,Hong Kong,56530-4791
929,Buzzbean,Walnut,ND,Syria,63599-4281
930,Agivu,San Juan Capistrano,KY,Romania,58559
931,Skippad,Weed,FL,Seychelles,80590
932,Oyoyo,Eureka,ID,Trinidad and Tobago,76085
933,Voolith,Colusa,AZ,French Polynesia,62895-5272
934,Ailane,Calabasas,ME,Antigua and Barbuda,64751
935,JumpXS,Half Moon Bay,NY,Macedonia,67334-1445
936,Yakijo,San Dimas,NE,Zimbabwe,68770
937,Reallinks,Maricopa,IL,"Congo, Democratic Republic of",15758-4278
938,Edgeify,Morgan Hill,IN,Mali,70097
939,Babbleblab,Merced,VT,Eritrea,60174-7227
940,Voomm,Lemon Grove,MD,Uganda,39306
941,Npath,Pismo Beach,IN,Åland,06043-3823
942,Shufflebeat,Cloverdale,MO,Tuvalu,28271-7494
943,Yadel,Redwood City,SC,India,52422-4183
944,Centidel,Napa,DE,Eritrea,36514
945,Thoughtstorm,Hermosa Beach,IN,Suriname,56911
946,Brainlounge,Tiburon,ID,Burkina Faso,66202-5783
947,Gabtune,Brentwood,MA,Christmas Island,47018
948,Wikivu,La Puente,MN,Switzerland,77170-4624
949,Quinu,La Cañada Flintridge,MI,Nepal,09678
950,Digitube,Rancho Cordova,VA,Madagascar,42042-1157
951,Photolist,Bell Gardens,NY,Cape Verde,67040
952,Buzzbean,Fairfax,MT,Turks and Caicos Islands,74013-9634
953,Yacero,Dos Palos,WA,Equatorial Guinea,45628
954,Linklinks,South Gate,AZ,Northern Mariana Islands,94102
955,Eazzy,Imperial Beach,WA,Antigua and Barbuda,17926
956,Omba,San Jose,WY,Romania,45376
957,Voonder,Oakley,NH,Thailand,01006
958,Browsecat,Ferndale,OK,Cape Verde,26279
959,Brainverse,Grass Valley,MI,Colombia,29568
960,BlogXS,Manhattan Beach,CA,United States of America,46701-6344
961,Oyope,Los Altos Hills,AL,Sweden,71651-4299
962,Voomm,Huron,KY,Taiwan,92183
963,Twitternation,Redondo Beach,GA,Laos,12332-3000
964,Vinder,Laguna Woods,TX,Serbia,45001
965,Roodel,Wasco,CO,Kuwait,48650
966,Pixonyx,Isleton,WA,British Virgin Islands,91093
967,Browsezoom,Moraga,HI,Saudia Arabia,76598
968,Twimm,Sausalito,VA,Armenia,62763-3498
969,Thoughtbridge,Placentia,WV,Armenia,26398-1404
970,Shuffletag,San Luis Obispo,OK,Hong Kong,91881
971,Photobug,Tiburon,CT,Yemen,36852
972,Yodoo,Carmel-by-the-Sea,UT,Saint Lucia,26097-8803
973,Blogtag,Oakdale,WY,Namibia,62632
974,Skalith,Gridley,ND,Lebanon,78197-4909
975,Kwilith,Arroyo Grande,NC,Monaco,74066-5109
976,Buzzdog,Livingston,OH,Bosnia and Herzegovina,84605
977,Buzzbean,Paramount,SC,American Samoa,10441-8807
978,Zoombeat,Cathedral City,CA,Sao Tome and Principe,89114
979,Fatz,Sonora,MA,Cape Verde,12459
980,Youbridge,Calipatria,WV,Peru,93358-8821
981,Kayveo,Vacaville,FL,Svalbard and Jan Mayen Islands,40524
982,Linktype,Ceres,AR,Egypt,69814
983,Zoozzy,Gilroy,CA,Jersey,32402-6763
984,Mycat,Eureka,WI,Oman,77227-5725
985,Skinte,Orange,ME,India,50485-3087
986,Yacero,Novato,LA,Turks and Caicos Islands,24335
987,Zoombeat,Redding,GA,Nigeria,03537
988,Leenti,Walnut,WI,Burundi,29424
989,Eadel,Palm Desert,NJ,Trinidad and Tobago,98211
990,Geba,Capitola,IN,Philippines,03706
991,Shuffletag,Santa Monica,MD,Marshall Islands,82620
992,Minyx,Irwindale,CO,South Africa,70116
993,Photospace,Rancho Santa Margarita,NJ,Lebanon,97520-3984
994,Trupe,Gardena,NM,Bosnia and Herzegovina,64631-1880
995,Gevee,Santa Clarita,DE,Samoa,42746
996,Feedmix,National City,NV,Qatar,73841
997,JumpXS,Apple Valley,AZ,Saint Pierre and Miquelon,80874
998,Ntags,Marysville,MS,Saudia Arabia,38540-4565
999,Innotype,Holtville,GA,Libya,87748
